ark	kind	year	act	child	father_ocr	mother_ocr
3:1:3QS7-L97N-1DTG	birth	1870	53	Cimmino Maria Raffaela	Giuseppe Cimmino fu Antonio	Faustina De Lucia
3:1:3QS7-897N-1DBK	birth	1871	7	Antonia Crisci	Giuseppe Crisci di Marcantonio, calzolaio	
3:1:3QS7-L97N-1D5W	birth	1871	14	Crisci Caterina	Antonio Crisci fu Clemente, agricoltore	
3:1:3QS7-997J-MS8F	birth	1872	66	Crisci Gabriele	Carmine Raffaele	Teresa
3:1:3QS7-897N-5R1	birth	1872	80	Crisci Arcangelo Lorenzo	Antonio Crisci di Arcangelo, peperniere, 48	FILOMENA FALCO FU MATTEO
3:1:3QS7-997N-56M	birth	1873	81	Crisci Amalia	Don Alfonso Crisci fu Agostino	Donna Filomena Gesu[?]
3:1:3QSQ-G97J-MSNV	birth	1873	58	Crisci Nicoletta	Domenico Crisci di Tommaso	Pasqualina di Lucia
3:1:3QS7-897N-18T4	birth	1873	104	Crisci Alessandro	Matt[eo?] Crisci fu Giuseppe	
3:1:3QS7-897N-1DK4	birth	1874	27	Crisci Luigi Antonio		
3:1:3QSQ-G97N-57R	birth	1874	89	Rivetti Giuseppa	Don Michele Rivetti	Donna Rosa Cimmino fu Nicola
3:1:3QS7-897N-16SB	birth	1874	36	Morgillo Alessandra	Carmine Morgillo fu Antonio, contadino, 26	VINCENZA FALCO FU MATTEO
3:1:3QS7-L97J-MSCY	birth	1875	42	Morgillo Maria Carmina	Francesco Morgillo	Angela Landato
3:1:3QS7-997J-MSZS	birth	1875	23	Crisci Clementina	Pasquale Crisci	Rosa Rivetti
3:1:3QS7-997J-MSX3	birth	1875	104	Crisci Selio[?]	Francesco Crisci, 32, agricoltore	Francesca Coppola
3:1:3QS7-997J-MSCN	birth	1876	59	Guida Francesco	Saverio Guida, 43	Carmina Cimmino
3:1:3QSQ-G97J-MS7Z	birth	1876	65	Guida Vincenzo	Pasquale Guida, 39	
3:1:3QS7-897N-P7K6	birth	1876	48	Crisci Gennaro		Giuditta Crisc[i?]
3:1:3QS7-997J-MSCV	birth	1876	83	Guida Rosalia	Luigi Guida	Carmela [Lo]ffredo
3:1:3QS7-L97N-16ZK	birth	1876	13	Morgillo Teresa		Filomena Verdic[ch]io
3:1:3QS7-997N-P3RW	birth	1876	52	Crisci Clemente	Carmine Crisci	
3:1:3QSQ-G97J-MSWX	birth	1876	52	Crisci Clemente	Carmine Crisci, 36, contadino	Teresa Crisci
3:1:3QS7-997N-PW9D	birth	1877	66	Crisci Gaetana	Giuseppe Crisci	Filomena Cillo
3:1:3QSQ-G97N-PW7F	birth	1878	27	Arricale Maria Carmela	Vincenzo Arricale	CONCETTA FALCO
3:1:3QSQ-G97N-PW74	birth	1878	97	Arricale Maria Carmela	Vincenzo Arricale	CONCETTA FALCO
3:1:3QS7-L97N-5992	birth	1878	99	Morgillo Antonia	Carmine Morgillo	VINCENZA FALCO
3:1:3QS7-997J-MSNY	birth	1878	3	Carfora Palmina Carmela		Marianna Anzivino
3:1:3QS7-897J-MS3L	birth	1878	76	Crisci Pasquale	Alfonso[?]	Angelamaria Varrecchia
3:1:3QS7-897N-18RL	birth	1878	36	Morgillo Lucia	Domenico Morgillo	Felicia Maione
3:1:3QSQ-G97J-MSWS	birth	1879	26	Morgillo Filomena	Vincenzo Morgillo	
3:1:3QSQ-G97J-M9Y4	birth	1879	12	Rivetti Giovannina		
3:1:3QSQ-G97J-MS36	birth	1879	53	Crisci Raffaela	Valentino Crisci, 32, agricoltore	Nicoletta Piccirillo
3:1:3QS7-897N-P7GX	birth	1879	67	Crisci Alfonso	Vincenzo Crisci, 36	Crescenza Landato
3:1:3QS7-L97N-5GR	birth	1881	5	Morgillo Vincenzo	Gennaro Morgillo	Maria Giovanna Zimbardo
3:1:3QS7-897N-P7F5	birth	1881	35	Morgillo Vincenzo	Carmine Morgillo	
3:1:3QS7-L97N-5Q	birth	1881	?	Crisci Raffaella		Angela Zimbardo
3:1:3QSQ-G97N-PW3H	birth	1882	59	Rivetti Antonia	Paolo Rivetti, 35	
3:1:3QS7-897N-P7GV	birth	1882	121	Morgillo Angelamaria	Francesco Morgillo, 28	Giuseppa Carfora
3:1:3QSQ-G97N-PQZB	birth	1882	26	Rivetti Gelsomina	Raffaele Rivetti, 44	Francesca Di Picca
3:1:3QS7-897N-P3NZ	birth	1883	126	Guida Agostino	Fabrizio Guida, 33, agricoltore	Angela Porrino
3:1:3QS7-897N-P3KC	birth	1884	43	Crisci Angel'Antonio	Carmine Crisci, 36	
3:1:3QS7-897N-P3TZ	birth	1884	178	Morgillo Giuseppe	Vincenzo Morgillo, 33	Maria Carfora
3:1:3QSQ-G97N-PWLF	birth	1885	183	Cimmino Maria	Francesco Cimmino, 27, agricoltore	
3:1:3QSQ-G97N-P3YB	birth	1885	16	Crisci Michela Carmina	Pietrantonio Crisci, 41	Giuseppa Bernardo
3:1:3QS7-L97N-518	birth	1886	56	Morgillo Marianna		Filomena di [L]ucia
3:1:3QSQ-G97N-PQZ5	birth	1886	64	Morgillo Maria Luigia	Alfonso Morgillo	
3:1:3QS7-997N-P3N2	birth	1886	10	Arricale Vincenza	Agostino Arricale, 30, giornaliero	Maria Grazia Maione
3:1:3QS7-L97N-PQ9Q	birth	1886	163	Crisci Nicola	Luigi Crisci, 39, sarto	Angelamaria Ferriello
3:1:3QS7-897N-P3N5	birth	1887	114	Falco Maria	GIUSEPPE FALCO, 46, agricoltore	NICOLETTA NUZZO
3:1:3QS7-L97N-PQHM	death	1887	90	Carfora Maria Giuseppa		
3:1:3QS7-L97J-8FHK	death	1887	90	Carfora Maria Giuseppa		
3:1:3QS7-L97N-52C	birth	1887	157	Rivetti Concetta		
3:1:3QSQ-G97N-596	death	1889	57	Falco Vincenzo	ANGELO, viaticale	ANNAMARIA CIMMINO
