waypoint	image	what
MC5R-M2Q	1	
MC5R-M2Q	3	
MC5R-M2Q	58	
MC5R-M2Q	81	
MC5R-M2Q	144	
MC5R-M2Q	210	1867 matrimoni index at 211, READ
MC5R-M2Q	237	
MC5R-M2Q	301	
MC5R-M2Q	305	
MC5R-M2Q	356	
MC5R-M2Q	372	
MC5R-M2Q	441	
MC5R-M2Q	497	
MC5R-M2Q	515	1869 MATRIMONI — ALPHABETICAL INDEX at 517, book 518-549, index READ
MC5R-M2Q	550	1869 matrimoni supplement (trascrizioni)
MC5R-M2Q	560	
MC5R-M2Q	604	
MC5R-M2Q	607	1870 matrimoni index at 672-673, READ
MC5R-M2Q	671	
MC5R-M2Q	706	
MC5R-M2Q	752	
MC5R-M2Q	803	1871 matrimoni index at 804-805, READ
MC5R-M2Q	829	
MC5R-M2Q	873	
MC5R-M2Q	933	1872 matrimoni tavola at 934-935, book 936-952, READ
MC5R-M2Q	953	
MC5R-M2Q	1003	
MC5R-M2Q	1060	
MC5R-M2Q	1086	1873 morti tavola at 1087
MC5R-M2Q	1131	
MC5R-M2Q	1184	
MC5R-M2Q	1215	1874 morti tavola at 1216
MC5R-M2Q	1271	
MC5R-M2Q	1281	
MC5R-M2Q	1371	
MC5R-M2Q	1405	
MC5R-M2Q	1474	
MC5R-M2Q	1475	END BOARD — the film is TWO REELS SPLICED here
MC5R-M2Q	1476	
MC5R-M2Q	1477	
MC5R-M2Q	1568	
MC5R-M2Q	1603	1876 morti tavola at 1604
MC5R-M2Q	1647	
MC5R-M2Q	1747	
MC5R-M2Q	1775	1877 morti — tavola is a LOOSE SLIP at 1799-1804
MC5R-M2Q	1836	
MC5R-M2Q	1926	1878 morti tavola at 1927
MC5R-M2Q	1956	
MC5R-M2Q	2008	
MC5R-M2Q	2101	
MC5R-M2Q	2153	
MC5R-M2Q	2154	
MC5R-M2Q	2156	
MC55-FNT	1	
MC55-FNT	2	1866 pubblicazioni di matrimonii (title at 4)
MC55-FNT	3	
MC55-FNT	44	1866 MATRIMONI — book 45-59, 27 acts, READ
MC55-FNT	60	1866 nascite (title at 61; annual index at 125)
MC55-FNT	81	
MC55-FNT	124	
MC55-FNT	168	cittadinanze (title at 169)
MC55-FNT	171	1867 nascita (title at 172)
MC55-FNT	223	1867 MATRIMONI — book 224-234, READ at a band
MC55-FNT	235	1867 morte (title at 236)
MC55-FNT	276	1867 MATRIMONI, tail — 277-279, READ
MC55-FNT	280	
MC55-FNT	284	1868 MATRIMONI — book 285-295, LOCATED NOT READ
MC55-FNT	296	1868 nascite
MC55-FNT	340	1868 morte
MC55-FNT	382	
MC55-FNT	385	1869 MATRIMONI — book 386-405, 29 acts, READ
MC55-FNT	406	1869 matrimoni, second part 407-418
MC55-FNT	419	1869 nascita
MC55-FNT	462	
MC55-FNT	465	
MC55-FNT	491	
MC55-FNT	536	1870 MATRIMONI — book 537-564, READ
MC55-FNT	565	
MC55-FNT	593	1871 MATRIMONI — ANNUAL INDEX at 594-595, book to 610, READ
MC55-FNT	611	1871 nascita
MC55-FNT	655	
MC55-FNT	660	1871 morti — annual index at 661
MC55-FNT	692	1872 MATRIMONI — book 693-714, 43 acts, READ
MC55-FNT	715	1874? nascite
MC55-FNT	749	
MC55-FNT	752	
MC55-FNT	775	1873 MATRIMONI — book 776-789, READ
MC55-FNT	790	nascite
MC55-FNT	826	morti
MC55-FNT	853	1874 MATRIMONI — book 854-871, 35 acts, READ
MC55-FNT	872	1874 NASCITE — and 908 is THE SAME BOOK FILMED AGAIN
MC55-FNT	908	1874 nascite (duplicate filming of 873-907)
MC55-FNT	925	1875 MATRIMONI — printed form, book 926-946, NOT READ
MC55-FNT	947	1875 nascite
MC55-FNT	999	
MC55-FNT	1002	
MC55-FNT	1032	1875 morti
MC55-FNT	1056	
MC55-FNT	1117	
MC55-FNT	1144	
MC55-FNT	1155	
MC55-FNT	1178	
MC55-FNT	1234	
MC55-FNT	1236	
MC55-VNL	1	
MC55-VNL	4	
MC55-VNL	5	
MC55-VNL	6	
MC55-VNL	8	
MC55-VNL	9	
MC55-VNL	10	
MC55-VNL	46	
MC55-VNL	63	
MC55-VNL	114	
MC55-VNL	117	
MC55-VNL	155	
MC55-VNL	158	
MC55-VNL	178	
MC55-VNL	242	
MC55-VNL	281	
MC55-VNL	303	
MC55-VNL	349	
MC55-VNL	352	
MC55-VNL	391	
MC55-VNL	413	
MC55-VNL	473	
MC55-VNL	476	
MC55-VNL	513	
MC55-VNL	532	
MC55-VNL	587	
MC55-VNL	621	
MC55-VNL	649	
MC55-VNL	702	
MC55-VNL	728	
MC55-VNL	748	
MC55-VNL	826	
MC55-VNL	858	
MC55-VNL	920	
MC55-VNL	944	
MC55-VNL	973	
MC55-VNL	974	
MC55-VNL	996	
MC55-VNL	1058	
MC55-VNL	1090	
MC55-VNL	1116	
MC55-VNL	1181	
MC55-VNL	1217	
MC55-VNL	1239	
MC55-VNL	1306	
MC55-VNL	1346	
MC55-VNL	1369	
MC55-VNL	1433	
MC55-VNL	1436	
MC55-VNL	1465	
MC55-VNL	1487	
MC55-VNL	1548	
MC55-VNL	1587	
MC55-VNL	1609	
MC55-VNL	1626	
MC55-VNL	1685	
MC55-VNL	1719	
MC55-VNL	1747	
MC55-VNL	1770	
MC55-VNL	1822	
MC55-VNL	1866	
MC55-VNL	1923	
MC55-VNL	1924	
MC55-VNL	1925	
MC55-VNL	1945	
MC55-VNL	1960	
MC55-VNL	1994	
MC55-VNL	2009	
MC55-VNL	2024	
MC55-VNL	2077	
MC55-VNL	2106	
MC55-VNL	2121	
MC55-VNL	2132	
MC55-VNL	2183	
MC55-VNL	2222	
MC55-VNL	2252	
MC55-VNL	2274	
MC55-VNL	2336	
MC55-VNL	2367	
MC55-VNL	2385	
MC55-VNL	2404	
MC55-VNL	2452	
MC55-VNL	2486	
MC55-VNL	2509	
MC55-VNL	2533	
MC55-VNL	2598	
MC55-VNL	2628	
MC55-VNL	2652	
MC55-VNL	2673	
MC55-VNL	2730	
MC55-VNL	2760	
MC55-VNL	2782	
MC55-VNL	2803	
MC55-VNL	2858	
MC55-VNL	2861	
MC55-VNL	2896	
MC55-VNL	2898	
MC5R-Q23	1	
MC5R-Q23	4	
MC5R-Q23	5	1879 S. Maria a Vico morti parte I
MC5R-Q23	62	1880 nascite — annual index at 63
MC5R-Q23	138	1880 matrimoni index at 139
MC5R-Q23	156	1880 MORTI — annual index at 157; act 63 = ANTONIO FALCO
MC5R-Q23	213	
MC5R-Q23	216	
MC5R-Q23	309	
MC5R-Q23	338	
MC5R-Q23	398	
MC5R-Q23	483	
MC5R-Q23	509	
MC5R-Q23	566	
