series	control_symbol	title	date_range	location	item_id	access	significance
J25	1971/9830	Falco, Carmine; wife Francesca [nee Zampiello]; and child Giuseppina [known as Josephine]	1957-1977	Brisbane	5115541	Not yet examined	THE FAMILY FILE. Carmine Falco b. 1930, Francesca Zampiello b. 1928, Giuseppina b. 1955 — called Josephine in Australia. The c. 1957 arrival inferred from this date range is WRONG: the passenger list of the ss Sydney (item 12100311) has the family arriving 26 March 1964.
J25	1972/4964	Falco, Raffaele [Italian, born 1925]; wife Caterina [nee Zampiello]; and children Filomena and Antonio	1959-1979	Brisbane	5054689	Open	Raffaele b. 1925 = the son of Carminantonio & Filomena born at Benevento in 1925. His wife Caterina nee ZAMPIELLO matches the Caterina Falco b. 7 Jul 1925 buried at Nudgee V-0947. Daughter Filomena is named for her grandmother.
J25	1964/1364	Zampiello, Angelo	1964	Brisbane	1692778	Not yet examined	Angelo Zampiello b. 31 Aug 1895, d. 1972 — Francesca's father. He has his own Brisbane file.
J25	1972/5134	Servodio, Angelo Michele; wife Raffaela [nee Zampiello]; and children Maria, Angelo	1960-1976	Brisbane	5072004	Not yet examined	Raffaela Zampiello — a third sister in Brisbane.
A2478	MICELI U	MICELI Umberto b. 22 Dec 1934; Filomena (nee Zampiello) b. 24 Aug 1932 — per ship ROMA, 1960, Australian/Italian Assisted Migration Agreement	1960	Canberra	1415472	Open	Filomena Zampiello b. 24 Aug 1932 — a fourth sister, with her exact birth date and her ship.
MP1103/1	PWI60047	Prisoner of War/Internee: Zampiello, Giovanni; b. 1 Dec 1911; Italian	1944-1946	Melbourne	8635122	Open	An Italian POW or internee in Australia. Relationship untested — but Zampiello is a one-village name.
K1174	ZAMPIELLO GIOVANNI	ZAMPIELLO Giovanni - PWI60047	1941-1946	Perth	1717314	Open	The same man, Perth file.
MP1103/2	PWI60047	Prisoner of War/Internee; Zampiello, Giovanni; b. 1911; Italian	1939-1945	Melbourne	9924193	Open	The same man, second Melbourne file.
K269	26 MAR 1964 SYDNEY	Incoming passenger list, "Sydney", 26 March 1964 — FALCO Carmine, Francesca, Giuseppina and Antonio; port of arrival Brisbane; embarked Naples	1964	Perth	12100311	Open — DIGITISED, 42 pages	THE ARRIVAL. The whole family on one voyage. Antonio is a fourth Falco not previously placed — almost certainly Giuseppina's brother, the "Anthony Falco" of the family tree.
